file	category	original_sha256	sanitized_sha256
code/build_hcc_master_labels.py	python_portability	0b0b8722c73a01a4c0471a0a27d90090b38f18e4103f8c28e4095e11c32c0943	6fbee464df41f6d06e92a19165af8078c4bc246d870ab1d130e97a0ed57731f4
code/create_nnunet_dataset804.py	python_portability	3a35c00f4d4b5f127f8c4c111a4b1d0e6f42edcbc99d26a0a5cb62d6c1956127	63181c6ba344dabe91b6003eb24e626c6f6aeb94236b78d38a600225f752bc4d
code/create_nnunet_dataset805.py	python_portability	96486c31eacdcc678640ffa80b514e490210f339e95b50ee77aa2e4103c374d4	7e465680cff01c660b1dd16726eca137c43351f3a19163f25025a706dd490c45
code/development_validation/register_openswiss_test.py	python_portability	e81c0f0dd206a3793796b2424ab23a178d12582b9de92fc15a483016f9791e0f	0f5a381a0738cef04e92cbb2ea7ba30d16a8d33679887983453519cbd9494d3e
code/development_validation/register_openswiss_test_before_cli_groupwise.py	python_portability	3326abe2adbaaff65c49dad96e63add616b458c47328d18856a4de97ab8fc135	6e20b87f06fa3df5fc931299aaf0aa8dafab8a24f7d99277321a87852dedec05
code/qa_registration_test.py	python_portability	89c066dc8766abd64b6d7bf2a189e3d21fc90b981536f7206a568c65a88ddd5a	3d5a5c7f79bf022fc95d1835c498674df647741e2f1a107dc35ec577133f29c3
code/register_openswiss_all.py	python_portability	bbe4beb6268834ad924fd0a20eb05e7dbf3a9f5ce6447e06f281bc752b4cbb59	7b422f06ba067c8c95c424fbaa1b8799d6719390e92dfe81634f181dfeb8b2f9
code/reviewer_external_reanalysis.py	python_portability	0b318cd3792e9f5a1e6dced50c2293136ea97abb5ee2d6fda682000f4c29bed5	5c494dc500a33c13bf176e44832f4e6d2dafedffcd8c6c27cdb52b9179fea8c7
code/reviewer_filter_complete_references.py	python_portability	2aa76e7d6e10bdb577f7cd7dd5431121f106a310fe080719ca2fa766e80e9bfd	036290bd0f2d68877d4f6422b0e2a988f68efaa593638daf80ceeba61470191d
code/external_validation/09_openswiss_all63_phasewise_analysis.py	python_portability	5644d2150975591257ef3dd878841605b13c83ad09c101bc4f6957609f76a91f	fc67ae5c292556778ba5aadc0f440240b446e7e84b0ebafc60f23d61c8474a9f
repository_audit/Q6_repository/analysis_output_inventory.tsv	output_path_sanitization	43f970d78384fb1d64d965f150984badcb069c1963fd64f58ac8d75a9b57f5ec	a6322f86081d0b738e7dbe6cffb40875f932d21cc8f394dd18438bc0dbd2faa7
repository_audit/Q6_repository/checkpoint_inventory.tsv	output_path_sanitization	06ed43a63396ead58ad84514baac9295d8b00f0e0fc9c6cd6b68f4f435e97658	dd8983f7fe77e99e5b98918857d6ee6959409ff077d19e5ae8eb996d2ff1dd1d
repository_audit/Q6_repository/code_inventory.tsv	output_path_sanitization	b9834d3632552acb052913162b48bacfa7817b8bdaa36c29f7b614cac5f727e2	e88a230643a1417064a970cf80306613843866c8c97b82d846d53f74cb0e92ab
repository_audit/Q6_repository/configuration_inventory.tsv	output_path_sanitization	ab9f0cabdbe620f4f383f5274a5e2d22e8523383d020a259924fcda0eadd8434	b5d29ff47888715de18c4178444f267ccb46a88990663ae8c944272687ee205e
results/Dataset801_ATLAS/crossval_postprocessed_summary.json	output_path_sanitization	ef198ab00f9b9ac7bdf651fdf4a961e2925e981d14a9e40bf0ff10331b8b1d0e	39d999de6b70603e2bbf9f90f5cd452ce5bfe1ba9beed043975785ed8b0528c2
results/Dataset801_ATLAS/crossval_summary.json	output_path_sanitization	ef198ab00f9b9ac7bdf651fdf4a961e2925e981d14a9e40bf0ff10331b8b1d0e	39d999de6b70603e2bbf9f90f5cd452ce5bfe1ba9beed043975785ed8b0528c2
results/Dataset801_ATLAS/fold_0_validation_summary.json	output_path_sanitization	63d0eec5ee92230088ee92ea6feb61c2ca1eb6246b95a9e73cea946c6589cf90	5f4d77e73019842ad8a0ee1f8b4fee07b4035542b3c8a4918d3277174448519d
results/Dataset801_ATLAS/fold_1_validation_summary.json	output_path_sanitization	e5ecac879ce2d5712e96a6a0e663e306cb89a13f33520e12cd9dc630eea073f4	e4de952114e2d4b012b151b91d3b7e01c84ba9913530f70dce430e8b3c919a37
results/Dataset801_ATLAS/fold_2_validation_summary.json	output_path_sanitization	b5ffd1fe68e563cd63cf8d8d1c71c36e47fa49d0d87f3b28d8f80279a5a25cfc	c11ed752a6e462f1ca6b6785a5d19516b3c2036f171deed2724d99f3567520c6
results/Dataset801_ATLAS/fold_3_validation_summary.json	output_path_sanitization	e1ff2556d0bf512501b890f6873db3d9b449f9e57c8c3515897e3d421e9305bb	efac4f63e3eb9fdb8e382d576b71af9b6cbb28c08ce26abfcb3ed9ee5b24a0b2
results/Dataset801_ATLAS/fold_4_validation_summary.json	output_path_sanitization	9e75ce51ae730d7dfba5ba540c2294576519aa68ac3b2a92ab796793ca96f281	c64610fd1ce96437e4e0649e207051ad374943b82312069b16ca554c8040ed93
results/Dataset804_805_ablation/Dataset804_vs_Dataset805_statistical_summary.txt	output_path_sanitization	0531db2e6e62527868d08381e6193c80f249d6b4f8dc809e63b69958bd001e2f	aa148810416c6abcdabc0063e95ecd9b08a3a63f6aa4882ce5fec03007293e84
reviewer_reanalysis/Q1_Q2_all132/ATLAS_checkpoint_SHA256.tsv	output_path_sanitization	7266a56da7d5a62b6fa24acd549c169ae7fe7d486f09ff147078119f7919ee22	c591a7f7497495f442699c5fccfa94cf34e1dbe0565722663d676be057d7fb2d
reviewer_reanalysis/Q1_Q2_all132/OpenSwissHCC_all132_selection_manifest.tsv	output_path_sanitization	1872b7250dd6c970d6834df657479880e34ed0448e75f38f9b79a9ea8f11123d	bd16fda6e3369d30d6e7cf36b0ba4ee27f125c4d218b88fdb89d09abbbd39a7b
reviewer_reanalysis/Q4_ATLAS_Karabag/Dataset801_protocol_audit.json	output_path_sanitization	0d1619538f4e20dc56e9a6dc14bcc5e7b332e6014b0b80fae26860e55a881c99	691d77720710f27536d3b9576b291c59ecc43e95fab5fa4388f19afac3fca84f
reviewer_reanalysis/Q4_ATLAS_Karabag/Dataset801_protocol_file_SHA256.tsv	output_path_sanitization	feaf649e7d72c138e8f53fb0dea91cb94f893deaaad059c31a18568188ae9d0f	854eb2774480b3362c070f62efdd8d149ed83e94ce76a76035575e20c64d9d0d
reviewer_reanalysis/Q4_ATLAS_Karabag/Dataset801_protocol_key_fields.tsv	output_path_sanitization	188f893d827e7f77d998a8b1f41606b1647d40f977997d275626186127d18ca1	ade0560e83e3fc52e265d04b8ea522de40fde2363dfbf9a01fef619c7873007a
reviewer_reanalysis/Q4_ATLAS_Karabag/current_protocol_inventory.txt	output_path_sanitization	ecf668c232fbe5a927bed05a0708fb8934e7c759e38792766f226b3fb0d27027	1bb9d1124ecf42ae826d16a9744f0821894324e7c679f04ea1e41297b5df832f
code/external_validation/09_openswiss_all63_phasewise_analysis.py	final_windows_path_portability	fc67ae5c292556778ba5aadc0f440240b446e7e84b0ebafc60f23d61c8474a9f	d28d9a2328400b6f774873ff9c184281c8559ddb99e6259fc68712172ba1d0b5
